,Spacegroup,Formation Energy (eV),E Above Hull (eV),Band Gap (eV),Nsites,Density (gm/cc),Has Bandstructure,Crystal System
0,-1.256,-0.02203,-1.753,0.8394,-0.2957,0.2289,0.4863,-1.162
1,-1.164,0.2336,1.179,0.7007,1.088,0.7485,0.4863,-1.162
2,-1.072,0.957,-0.1059,-1.566,-1.03,0.2937,0.4863,-0.03653
3,-1.072,-0.914,-0.7314,0.4746,1.779,0.7544,-2.05,-0.03653
4,-0.9805,-1.98,1.1455,0.5215,2.125,-0.5,-2.05,-1.162
5,-0.889,-1.1045,-1.917,0.5728,-0.8145,0.856,0.4863,1.089
7,-0.7056,-0.887,0.7173,-0.8086,1.779,0.9097,0.4863,-1.162
8,-0.614,0.07043,-1.324,0.81,-0.4685,-0.2656,0.4863,-1.162
9,-0.7056,-0.8325,-0.2377,0.8286,1.779,0.322,-2.05,-1.162
10,-1.072,0.9683,-0.04004,-1.7,-1.03,0.113,0.4863,-0.03653
11,-0.5225,0.941,-0.3364,-0.1276,0.3096,-1.624,0.4863,1.089
12,-1.072,-1.507,-0.501,0.7217,0.6553,0.0791,0.4863,-0.03653
13,-0.4307,0.5547,-1.226,0.687,-0.2957,0.3503,0.4863,1.089
14,-0.3389,0.05414,0.948,-1.571,-0.382,-0.2063,0.4863,1.089
15,-0.3389,0.0378,-1.522,0.8696,-0.4685,-0.3728,0.4863,1.089
16,-0.2472,-0.6855,-0.666,0.6436,2.299,0.339,-2.05,-1.162
17,-1.072,-1.855,-0.1388,0.879,-0.2091,-0.9917,0.4863,-0.03653
18,-0.4307,1.441,0.8164,-0.622,1.952,0.0932,-2.05,1.089
19,-0.1555,-0.1635,1.112,0.883,-0.2091,-1.972,0.4863,-1.162
20,-0.06384,0.4785,0.6187,-1.695,0.05023,-0.5254,0.4863,-1.162
21,0.02786,-1.932,-0.2377,-0.6533,2.645,-1.076,-2.05,-1.162
22,0.11957,0.892,0.454,0.6987,-0.555,1.681,0.4863,-1.162
23,0.2112,-1.366,0.8823,1.086,-0.4685,-1.006,0.4863,1.089
24,0.303,0.386,0.586,-0.7065,-1.073,2.582,0.4863,-1.162
25,-1.072,2.639,1.574,0.05447,-0.07947,-0.8926,0.4863,-0.03653
26,0.2112,0.065,1.014,-1.911,-0.382,-0.2429,0.4863,1.089
27,0.2112,-0.8438,0.8823,0.992,-0.4685,-0.6016,0.4863,1.089
28,0.3945,-0.4844,1.112,0.789,-0.2091,-0.65,0.4863,1.089
29,-0.1555,-0.6094,-1.522,0.821,-0.728,-0.2712,0.4863,-1.162
30,-0.889,-1.426,-0.3035,1.017,0.569,-0.927,0.4863,1.089
31,0.4863,1.349,0.2893,-0.7075,0.7417,0.1271,0.4863,-1.162
32,-1.072,-1.366,1.047,-0.942,-0.555,-0.05933,-2.05,-0.03653
33,0.578,-0.713,-0.00709,0.7695,1.174,-0.7373,0.4863,-1.162
34,0.6694,0.1793,1.1455,-1.911,-1.073,2.46,0.4863,-1.162
35,0.4863,1.344,0.2563,-0.814,0.7417,0.0847,0.4863,-1.162
36,-1.072,0.7124,0.8164,0.1602,-0.8145,1.67,0.4863,-0.03653
37,0.761,-1.409,1.673,-1.669,0.396,-1.907,0.4863,1.089
38,0.2112,-1.214,0.3552,0.9204,-0.4685,-0.9014,0.4863,1.089
39,0.2112,0.337,0.2563,0.456,-0.4685,0.2373,0.4863,1.089
40,0.761,-0.517,0.4868,-0.7515,-0.2091,-0.387,0.4863,1.089
41,0.853,0.261,-0.2047,0.6924,-0.4685,-0.325,0.4863,-1.162
42,0.2112,0.1683,-0.666,-0.645,-0.382,-0.178,0.4863,1.089
43,0.3945,-0.5713,-1.259,1.252,-1.073,-0.452,0.4863,1.089
44,-0.3389,0.07043,1.047,-1.911,-0.382,-0.2091,0.4863,1.089
45,-0.3389,0.09766,-1.16,-1.543,-1.073,-0.322,0.4863,1.089
46,-0.4307,0.6636,-0.534,0.555,-0.2957,0.4124,0.4863,1.089
47,-0.4307,-1.469,-0.6,0.978,0.569,-0.8306,0.4863,1.089
48,0.761,-0.1145,-0.2047,-0.3389,-0.8145,-0.6753,0.4863,1.089
49,0.2112,-0.011154,-1.687,1.215,-0.2957,0.05933,0.4863,1.089
50,-0.3389,0.288,0.05878,-0.3638,-0.382,-0.6865,0.4863,1.089
51,-1.072,-1.464,-0.567,0.9927,-0.555,-0.794,0.4863,-0.03653
52,0.945,0.7397,0.981,-1.095,0.915,1.664,0.4863,-1.162
53,-0.06384,0.4893,1.212,0.04437,0.7417,-0.986,0.4863,-1.162
54,-0.889,-0.5063,-1.226,0.992,-0.03622,-0.01695,0.4863,1.089
55,-1.072,-1.79,-1.259,1.108,0.2231,0.0706,0.4863,-0.03653
56,-0.7056,-1.094,-1.818,0.6113,1.779,0.986,0.4863,-1.162
57,0.2112,-0.1798,-1.028,-0.945,-0.4685,1.478,-2.05,1.089
58,1.036,-0.947,0.454,0.4846,1.174,-0.144,0.4863,-1.162
59,-0.4307,1.501,1.212,-1.092,-0.4685,2.418,0.4863,1.089
60,-0.3389,1.333,0.1906,-0.6494,-1.073,-0.05652,0.4863,1.089
61,-1.072,2.572,0.05878,-0.1146,-0.3389,0.7007,0.4863,-0.03653
62,-0.7974,-1.05,-1.555,0.867,-1.247,-1.303,0.4863,-1.162
63,-0.889,-1.17,1.08,-0.6523,-0.1227,-0.3276,0.4863,1.089
64,-1.072,-1.001,0.02585,-1.255,1.779,0.932,0.4863,-0.03653
65,0.853,-0.37,-1.292,0.683,-0.2957,0.0367,0.4863,-1.162
66,1.128,-0.1798,-0.1388,0.71,1.088,-0.52,0.4863,-1.162
67,0.11957,-0.2668,0.6846,0.5664,-0.555,-0.11304,0.4863,-1.162
68,-0.889,-0.7075,-1.391,0.458,-0.1227,0.989,0.4863,1.089
69,0.2112,0.288,0.05878,-0.688,-0.382,0.11865,0.4863,1.089
70,-0.889,-0.7456,-0.2377,1.05,-0.728,-0.6387,0.4863,1.089
71,-0.3389,0.9736,-0.04004,-1.622,-0.382,0.144,-2.05,1.089
72,-0.4307,-0.827,0.6187,1.019,1.088,-1.319,-2.05,1.089
73,0.761,-1.121,-0.6,1.257,-0.728,-0.8022,0.4863,1.089
74,-0.889,-1.094,-0.4353,1.211,-0.728,-0.797,0.4863,1.089
75,-1.072,-0.1635,0.454,0.2695,0.09344,-1.364,0.4863,-0.03653
76,-0.3389,1.719,1.475,-1.695,-0.03622,-0.4124,0.4863,1.089
77,0.2112,0.511,-1.456,0.785,-0.9873,0.6133,0.4863,1.089
78,-0.4307,-1.312,0.5527,1.079,1.261,-1.568,-2.05,1.089
79,1.22,-1.91,-0.1059,-0.851,2.645,-0.633,-2.05,-1.162
80,0.02786,-1.953,-0.8633,1.2,2.645,-1.107,-2.05,-1.162
81,0.3945,-0.876,0.8823,1.001,-0.728,-0.1808,0.4863,1.089
82,0.2112,-1.382,0.783,0.603,-0.4685,-0.8813,0.4863,1.089
83,0.2112,-0.566,-0.00709,-1.065,1.693,-0.2656,-2.05,1.089
84,0.02786,-1.638,0.2893,0.9883,2.47,-1.291,-2.05,-1.162
85,-0.614,1.311,0.05878,-0.6045,-0.4685,0.1384,0.4863,-1.162
86,-1.072,0.4023,1.014,-1.698,-1.03,-0.5737,-2.05,-0.03653
87,-0.3389,0.8975,-0.501,-1.911,-0.382,0.37,0.4863,1.089
88,-0.889,-0.914,1.311,-1.884,-0.1227,-0.5537,-2.05,1.089
89,1.312,0.348,0.3223,0.603,1.952,-1.37,-2.05,1.089
90,-1.072,-1.562,-1.522,-1.081,-0.03622,0.322,0.4863,-0.03653
91,-1.164,0.1412,0.586,0.6104,1.088,-0.921,0.4863,-1.162
93,-0.06384,1.082,-0.8306,-0.8306,0.05023,-0.12146,0.4863,-1.162
94,1.495,-0.0819,-0.4023,-1.002,-0.4685,1.734,0.4863,-1.162
95,-0.5225,0.658,-0.2047,-1.004,0.3096,-1.649,0.4863,1.089
96,-1.072,-0.4192,-0.4683,0.2255,-0.2091,-0.4604,0.4863,-0.03653
97,1.587,-1.225,1.08,0.3853,1.261,-1.187,-2.05,1.089
98,-0.7974,1.371,0.454,0.38,-1.203,-1.015,0.4863,-1.162
99,1.678,-1.312,0.5527,1.097,1.261,-1.734,0.4863,-1.162
100,1.77,0.288,-0.00709,0.5977,-0.4685,-0.3616,0.4863,-1.162
101,-0.7056,0.424,0.8164,-0.2654,0.7417,-0.0678,0.4863,-1.162
102,1.861,1.321,0.12463,-0.749,-1.073,-0.01131,0.4863,-1.162
103,0.761,0.2173,-0.4353,0.855,-1.073,-1.746,0.4863,1.089
104,-1.072,0.1738,-0.633,-0.417,-1.03,-0.09326,0.4863,-0.03653
105,-0.889,-0.0819,-0.00709,-0.7734,-0.8145,1.189,0.4863,1.089
106,1.77,0.4622,-1.753,0.8403,-0.2957,0.4634,0.4863,-1.162
107,-0.2472,-0.7617,0.02585,-0.6587,2.299,0.178,-2.05,-1.162
108,-0.5225,0.7666,-0.1059,-0.3352,0.3096,-1.652,0.4863,1.089
109,-0.3389,1.518,1.311,-0.6377,-1.073,-0.404,0.4863,1.089
110,-1.072,-1.442,1.508,-1.738,-0.6416,-1.017,-2.05,-0.03653
111,-0.06384,1.447,0.849,-0.6953,-0.4685,0.0452,0.4863,-1.162
112,-0.5225,0.582,-1.028,0.3467,-0.9873,0.2937,0.4863,1.089
113,-1.072,0.337,0.3552,-0.2075,-1.03,-0.1667,0.4863,-0.03653
114,-1.072,-1.519,-0.8633,1.16,-0.555,-0.633,-2.05,-0.03653
115,-0.4307,0.1031,0.3552,0.5947,1.088,-0.6924,0.4863,1.089
116,-1.072,-1.388,0.783,0.529,-1.073,-1.376,0.4863,-0.03653
117,0.761,0.424,1.014,-1.246,-0.1227,-0.1978,0.4863,1.089
118,-1.072,-0.947,-0.929,0.8975,-0.8145,-2.215,0.4863,-0.03653
119,-0.5225,0.9683,1.212,-0.725,-0.6416,1.94,0.4863,1.089
120,-0.3389,1.518,1.311,-0.758,-0.4685,0.0989,-2.05,1.089
121,-0.889,-0.898,0.6514,-0.5356,-0.8145,0.339,0.4863,1.089
122,1.953,0.1902,-0.6,-0.0834,-0.4685,1.836,0.4863,-1.162
123,0.3945,1.202,1.343,-1.326,-1.03,-0.1498,0.4863,1.089
124,-0.3389,-0.4463,-1.72,1.2705,-0.9873,0.02542,0.4863,1.089
125,-0.2472,0.359,0.3882,0.507,-0.4685,-8.34e-06,0.4863,-1.162
126,-0.2472,-0.4192,-1.555,0.8135,-0.2957,-0.1638,0.4863,-1.162
127,0.761,-0.1962,0.8823,-1.254,-0.6416,0.839,0.4863,1.089
128,-1.072,-0.4028,-0.4023,-1.911,1.649,-0.3276,-2.05,-0.03653
129,1.22,-0.479,-1.917,0.91,-0.2957,0.0819,0.4863,-1.162
130,0.4863,0.2827,-0.04004,0.7124,0.7417,-0.3108,0.4863,-1.162
131,-1.164,-0.3975,0.6187,0.926,1.088,0.4067,0.4863,-1.162
132,0.761,1.545,1.442,-0.748,-1.073,-0.2825,0.4863,1.089
133,2.045,1.496,1.771,-1.911,-0.1227,0.3984,0.4863,-1.162
134,-1.072,1.42,0.4211,-0.2102,-1.073,2.27,0.4863,-0.03653
135,-0.3389,0.1466,-0.8633,0.6978,-0.4685,-0.3984,0.4863,1.089
136,0.11957,0.2391,0.586,0.5703,-0.555,0.1554,0.4863,-1.162
137,0.2112,-0.713,-0.00709,1.206,-0.728,-0.2996,0.4863,1.089
139,-1.072,-0.1581,0.4868,0.2861,0.09344,-1.227,0.4863,-0.03653
140,2.137,1.594,0.05878,-0.3987,-0.2957,2.254,0.4863,1.089
141,1.953,-0.4028,-0.04004,0.3972,0.569,-0.2656,0.4863,-1.162
142,-1.072,-1.687,1.08,1.3125,-0.3389,-0.5874,0.4863,-0.03653
143,-1.072,-0.3975,-0.8965,-1.911,-0.598,1.271,0.4863,-0.03653
144,-1.072,0.3208,0.2563,-1.056,-0.382,-0.2063,0.4863,-0.03653
145,1.587,-1.529,0.6187,1.003,1.261,-1.316,0.4863,1.089
146,-1.072,-0.751,-1.292,0.2448,0.3096,1.404,0.4863,-0.03653
147,-0.4307,1.349,0.2563,-0.6484,-0.4685,0.0876,0.4863,1.089
148,-0.3389,1.458,0.915,-0.5566,-1.073,0.3164,0.4863,1.089
149,-0.4307,1.469,1.014,-0.5386,1.952,0.04236,-2.05,1.089
150,-1.072,0.778,1.179,0.0857,-0.8145,1.782,0.4863,-0.03653
151,-0.3389,0.3315,0.3552,-0.144,-0.382,-0.2627,0.4863,1.089
152,-1.072,2.883,1.969,-0.54,-0.3389,0.7036,0.4863,-0.03653
153,-1.072,0.359,0.4211,0.1951,-0.4685,-0.0424,0.4863,-0.03653
154,-0.4307,0.07587,-1.16,1.258,-0.2957,0.12427,-2.05,1.089
155,1.128,0.25,-0.07294,0.6436,1.088,-0.3079,0.4863,-1.162
156,-1.072,-0.343,1.343,-0.844,-1.117,-0.777,0.4863,-0.03653
158,-1.072,-1.138,0.783,-1.911,-0.4685,-1.348,0.4863,-0.03653
159,0.3945,-0.7676,0.783,0.913,-0.2091,-0.797,0.4863,1.089
160,0.3945,-0.9634,0.8164,0.719,-0.2091,-0.9463,0.4863,1.089
161,0.02786,-1.191,2.102,0.4883,2.299,-1.345,-2.05,-1.162
162,0.3945,-0.1743,0.2893,-1.375,-0.9873,-1.119,-2.05,1.089
163,2.137,1.958,0.8164,-0.5547,-1.03,2.707,0.4863,1.089
164,-0.4307,0.5493,-1.259,0.6333,-0.2957,0.469,0.4863,1.089
165,0.945,1.512,1.738,-1.881,0.915,1.294,-2.05,-1.162
166,-1.072,1.2295,1.179,-1.907,-0.07947,-1.037,-2.05,-0.03653
167,1.77,0.201,-0.534,0.7266,-0.4685,-0.1978,0.4863,-1.162
168,-0.3389,0.299,0.12463,-0.523,-0.382,0.01976,0.4863,1.089
169,-1.072,0.9683,1.112,-1.58,0.7417,2.613,-2.05,-0.03653
170,-0.3389,1.349,0.2893,-0.4502,-1.073,0.03955,0.4863,1.089
171,-0.4307,-1.769,0.3552,1.603,1.261,-1.904,-2.05,1.089
172,0.761,1.55,1.508,-0.485,-1.073,-0.7344,0.4863,1.089
173,-0.4307,0.299,0.02585,0.727,-0.4685,-0.3984,0.4863,1.089
174,1.678,-1.312,0.3552,1.013,0.569,-0.87,0.4863,-1.162
175,0.761,-0.958,-0.995,1.097,-0.8145,-1.079,-2.05,1.089
176,2.229,-0.5933,0.7173,0.7354,1.174,0.0932,0.4863,-1.162
177,-1.072,0.201,1.311,-0.997,-0.4685,0.876,0.4863,-0.03653
178,-0.4307,-0.4302,0.454,0.8613,1.088,-1.054,-2.05,1.089
180,1.678,1.577,1.673,-1.267,-0.4685,0.6187,0.4863,-1.162
181,-0.889,-0.0982,-1.127,0.8716,-0.1227,1.354,0.4863,1.089
182,0.2112,-0.2832,0.454,0.7383,-0.728,-0.10455,0.4863,1.089
183,-1.072,-0.0982,0.849,-0.2323,0.09344,-1.557,0.4863,-0.03653
184,-1.164,-0.3975,0.6514,0.9507,1.088,-1.161,-2.05,-1.162
185,0.761,0.2554,-0.2047,0.753,-1.073,-0.7485,0.4863,1.089
186,-0.4307,0.0868,-1.259,0.758,-0.4685,-0.3135,0.4863,1.089
188,-0.889,-0.9033,-1.489,0.86,-0.03622,-0.2147,0.4863,1.089
189,-0.06384,0.277,-0.1059,0.506,-0.4685,-0.288,0.4863,-1.162
190,1.22,0.07587,0.52,-0.938,-0.4685,0.9634,0.4863,-1.162
191,-1.072,0.0378,-0.2705,-0.03192,0.2664,0.2203,0.4863,-0.03653
192,1.495,-0.4246,-1.588,0.7373,-0.2957,-0.03955,0.4863,-1.162
193,0.578,-1.007,0.09174,0.912,1.174,-0.9126,0.4863,-1.162
194,2.32,0.1575,-0.7974,-0.3887,-1.073,1.819,0.4863,-1.162
195,-1.072,0.4785,0.783,-1.75,-0.1659,-0.1243,0.4863,-0.03653
196,1.036,-0.615,0.586,0.5005,1.174,0.11017,0.4863,-1.162
197,-0.4307,0.348,0.3552,0.07745,0.7417,0.862,0.4863,1.089
198,-0.2472,0.163,-0.7646,-0.372,1.952,1.864,0.4863,-1.162
199,-1.072,1.147,1.047,-1.614,-1.03,0.1666,-2.05,-0.03653
200,0.2112,1.414,0.6846,-0.5938,-1.073,-0.0904,0.4863,1.089
201,0.3945,-0.3267,-1.456,0.355,-0.9873,-1.04,0.4863,1.089
202,1.861,-0.7617,0.1906,1.058,0.05023,-1.721,0.4863,-1.162
203,-1.072,0.3914,0.4211,0.556,-0.944,-0.653,0.4863,-0.03653
204,1.77,1.441,0.8164,-0.6553,-0.4685,-0.1384,0.4863,-1.162
205,-0.3389,1.082,0.6514,-1.776,-0.382,0.05368,0.4863,1.089
206,0.02786,-1.812,-0.1059,1.191,2.645,-0.989,-2.05,-1.162
207,1.312,1.055,1.937,0.412,1.693,-1.44,-2.05,1.089
208,1.22,0.4675,-1.72,0.6997,-0.2957,0.6978,0.4863,-1.162
209,0.578,-1.263,-1.456,1.294,-0.728,-0.6895,0.4863,-1.162
210,-1.072,0.2935,-0.8965,-1.911,-0.598,1.436,0.4863,-0.03653
211,0.761,-0.6206,-1.555,1.228,-0.4685,-0.4917,0.4863,1.089
212,-0.889,-0.0002728,-0.666,0.732,-0.03622,0.2656,0.4863,1.089
213,-1.072,-1.6,0.1906,0.9185,-0.2091,-0.9917,-2.05,-0.03653
214,2.412,-0.479,-1.917,0.8936,-0.9873,0.1554,0.4863,-1.162
215,2.32,1.447,0.849,-1.111,-1.073,2.197,0.4863,-1.162
216,-1.072,-1.197,-1.489,-0.1726,-0.03622,0.579,0.4863,-0.03653
217,0.3945,-1.366,0.02585,1.044,-0.555,-1.113,0.4863,1.089
218,-1.072,-0.822,0.7505,-1.911,-0.03622,-0.0735,0.4863,-0.03653
219,2.412,-0.04922,-1.885,0.96,-0.9873,0.3926,0.4863,-1.162
220,-0.3389,0.3098,0.12463,0.4663,-1.073,-0.10455,0.4863,1.089
221,0.02786,-1.562,-0.2705,0.9854,2.645,-0.941,-2.05,-1.162
222,2.32,-0.04922,-0.2047,-1.911,-1.073,1.766,0.4863,-1.162
223,-0.4307,-0.4302,-1.654,0.735,-0.2957,-0.1638,0.4863,1.089
224,1.678,0.397,0.6514,-0.1901,-0.4685,1.006,0.4863,-1.162
226,2.412,0.4622,-1.753,0.5884,-0.9873,0.7485,0.4863,-1.162
228,1.22,1.512,1.277,-1.235,-0.4685,1.754,0.4863,-1.162
229,-1.072,0.11945,0.1576,1.522,-0.944,-0.8643,0.4863,-0.03653
230,1.678,-1.752,0.4868,1.565,1.261,-1.961,-2.05,-1.162
231,-0.2472,-0.4192,-1.555,0.7354,-0.2957,-0.0763,0.4863,-1.162
232,0.578,-0.316,0.2235,0.8174,1.174,-0.3474,0.4863,-1.162
233,-0.2472,-0.005714,-1.621,0.7964,-0.2957,0.0734,0.4863,-1.162
234,-1.072,1.463,0.948,-0.6865,-1.073,-1.506,0.4863,-0.03653
235,-0.3389,0.0487,0.948,-1.911,-0.382,-0.26,0.4863,1.089
236,-0.4307,-1.61,0.12463,1.453,1.261,-1.602,-2.05,1.089
237,-1.072,-1.252,0.3552,-1.911,-0.03622,-0.2458,0.4863,-0.03653
238,-0.4307,0.1031,-0.2377,0.992,0.569,0.466,0.4863,1.089
239,-1.072,0.8105,-0.00709,-1.332,0.1367,0.421,0.4863,-0.03653
240,2.229,-0.9087,0.6846,0.6255,1.174,-0.144,0.4863,-1.162
241,1.22,-1.926,-0.6987,1.087,2.645,-0.7036,-2.05,-1.162
242,-1.072,-0.08734,0.783,-1.862,-0.2524,-0.585,0.4863,-0.03653
243,1.861,0.010605,-1.555,0.8135,-0.9873,-0.1017,0.4863,-1.162
244,0.11957,-0.517,-0.8306,0.7256,-0.555,0.8926,0.4863,-1.162
245,-0.5225,1.131,0.6514,-0.3877,-0.6416,2.0,0.4863,1.089
246,0.11957,0.07587,-0.4023,0.9644,-0.555,1.215,0.4863,-1.162
247,0.3945,-1.839,0.1576,0.8745,-0.3389,-0.7715,0.4863,1.089
248,-0.06384,1.436,0.783,-0.6147,-0.4685,0.3616,0.4863,-1.162
249,-0.3389,1.001,0.1576,-1.414,-0.382,0.3052,0.4863,1.089
250,-0.2472,0.1412,0.948,-0.4695,-0.4685,0.01129,0.4863,-1.162
251,-0.4307,-1.1045,-1.885,0.6206,0.05023,0.918,0.4863,1.089
252,-0.4307,0.25,-0.2377,0.8843,1.952,-0.3164,-2.05,1.089
253,0.578,1.463,1.014,0.1317,1.174,-0.01131,0.4863,-1.162
254,-1.072,-1.176,0.586,0.8833,-1.073,-1.3,0.4863,-0.03653
255,0.2112,0.3098,0.12463,0.5947,-0.4685,-0.2683,0.4863,1.089
256,-0.4307,0.1031,-0.2377,-0.0641,0.396,-0.2063,0.4863,1.089
257,0.853,1.371,0.3882,-0.508,-0.4685,0.1271,-2.05,-1.162
258,-0.3389,0.435,-1.917,0.806,-0.9873,0.6553,0.4863,1.089
259,-1.072,-1.088,-0.2705,0.686,0.6553,0.2937,0.4863,-0.03653
260,-0.7056,0.11945,0.783,-0.747,0.7417,0.02824,0.4863,-1.162
261,1.495,-0.02203,-1.753,0.9277,-0.2957,0.1836,0.4863,-1.162
262,0.2112,0.3044,0.1576,-0.7544,-0.382,-0.11584,-2.05,1.089
263,-1.072,0.2827,0.02585,-0.864,-1.03,0.1412,0.4863,-0.03653
264,-1.072,0.506,1.343,-1.015,-0.728,0.1328,0.4863,-0.03653
265,-0.889,-1.115,-0.666,-1.349,-0.8145,0.7656,0.4863,1.089
266,0.2112,0.0868,1.1455,-1.911,-0.382,0.048,0.4863,1.089
267,1.861,0.4893,-1.588,0.662,-0.9873,0.339,0.4863,-1.162
268,-0.3389,0.3044,0.09174,0.5923,-0.4685,-0.2515,0.4863,1.089
269,-1.072,1.996,0.586,-1.907,0.1367,0.9434,0.4863,-0.03653
270,-1.072,-1.333,0.3882,0.901,-0.2091,-0.6895,0.4863,-0.03653
271,1.77,0.05414,-1.259,0.806,-0.2957,0.005642,0.4863,-1.162
272,-0.4307,-0.3213,-0.9624,1.199,-0.2957,-0.161,-2.05,1.089
273,1.495,0.511,-1.456,0.5635,-0.2957,0.4944,0.4863,-1.162
274,0.2112,0.07587,-1.127,0.782,-0.9873,0.2147,0.4863,1.089
275,1.861,0.1085,-1.094,0.73,-1.073,-0.3418,0.4863,-1.162
276,0.2112,-1.485,1.212,-1.606,0.396,-1.212,0.4863,1.089
277,-0.4307,0.348,0.4868,0.5234,-0.2957,-0.3022,0.4863,1.089
278,0.2112,1.012,0.1906,-1.892,-0.382,0.1356,0.4863,1.089
279,-1.072,1.039,1.837,-1.911,0.007015,-0.653,-2.05,-0.03653
280,1.77,0.4622,-1.753,0.7705,-0.2957,0.5566,0.4863,-1.162
281,-0.2472,0.3425,0.3223,0.481,-0.4685,-0.1412,0.4863,-1.162
283,-1.164,-0.8,0.8164,1.074,1.088,-1.548,-2.05,-1.162
284,-0.3389,1.333,0.1576,-0.5625,-0.4685,-0.065,0.4863,1.089
285,0.2112,0.02693,0.8164,-1.911,-0.382,-0.274,0.4863,1.089
286,-0.2472,0.1085,-1.094,0.812,-0.4685,-0.3333,0.4863,-1.162
288,-1.072,-1.316,0.3223,0.3064,-0.555,-0.2487,-2.05,-0.03653
289,0.4863,0.1031,-1.127,0.8267,0.7417,-0.3079,0.4863,-1.162
290,-0.4307,0.756,-0.3694,0.685,0.569,0.955,0.4863,1.089
291,-1.164,-0.882,0.2893,0.9165,1.088,0.1412,0.4863,-1.162
292,-1.164,-0.789,0.586,-0.508,1.952,-0.3616,-2.05,-1.162
293,-0.06384,0.2935,0.02585,0.433,-0.4685,-0.05087,0.4863,-1.162
294,-1.072,0.065,1.047,-1.911,-1.03,-0.13,0.4863,-0.03653
295,-0.4307,0.1521,0.981,-1.009,0.7417,1.065,0.4863,1.089
296,-1.072,-0.6475,-0.4353,0.07745,-0.4685,0.002817,0.4863,-0.03653
297,0.2112,-1.143,0.7505,0.491,-0.4685,-0.7485,0.4863,1.089
298,0.11957,0.881,0.3882,0.2429,-0.555,0.647,0.4863,-1.162
299,1.128,0.816,0.3882,0.7686,1.088,0.1752,0.4863,-1.162
300,-0.4307,-0.4355,-0.3035,0.3503,0.569,0.178,0.4863,1.089
301,0.853,0.02148,-1.456,0.776,-0.2957,0.2429,0.4863,-1.162
302,1.22,1.441,0.8164,-1.204,-0.4685,2.125,0.4863,-1.162
303,1.953,-0.501,0.3552,-0.5586,0.569,-0.2515,0.4863,-1.162
304,0.4863,0.1031,-1.16,0.808,0.7417,-0.291,0.4863,-1.162
305,-0.3389,0.277,-0.1059,0.8047,-1.073,-0.9604,0.4863,1.089
306,-0.2472,-0.03293,-0.1388,-1.811,1.952,1.599,-2.05,-1.162
307,-0.7056,-1.126,-0.7314,-1.878,1.779,1.015,-2.05,-1.162
308,0.578,-0.947,-1.423,1.135,-0.728,-0.5,0.4863,-1.162
309,2.137,1.566,0.981,-1.07,-1.03,2.455,0.4863,1.089
310,-0.4307,-0.0438,-1.885,1.253,-0.2957,0.2345,-2.05,1.089
311,-1.072,-0.0819,-0.8633,0.954,0.3096,1.737,-2.05,-0.03653
312,0.761,-0.86,-1.522,1.446,-0.4685,-0.63,0.4863,1.089
313,-1.072,0.2173,1.376,-1.536,-0.4685,-8.34e-06,0.4863,-0.03653
314,1.953,0.03238,-1.588,0.2024,-0.4685,1.636,0.4863,-1.162
315,-0.2472,0.397,0.6514,0.276,-0.4685,-0.3164,0.4863,-1.162
316,0.3945,-0.7944,-1.127,1.115,-1.073,-0.5425,0.4863,1.089
317,0.853,1.338,0.2235,-0.6265,-0.4685,0.002817,0.4863,-1.162
318,-1.072,-0.9414,-0.8965,0.319,-0.382,0.5903,0.4863,-0.03653
319,-1.072,0.7344,-0.2377,0.1381,0.2664,0.6216,0.4863,-0.03653
320,2.596,-1.823,-0.501,0.8945,-0.2957,-0.5254,0.4863,-1.162
321,0.853,0.5166,-1.423,0.6226,-0.2957,0.6836,0.4863,-1.162
322,-0.4307,0.484,1.179,0.2493,-0.4685,0.2091,0.4863,1.089
323,0.303,0.1956,1.277,-1.082,-1.073,2.133,0.4863,-1.162
324,1.678,-1.534,0.586,1.246,1.261,-1.867,-2.05,-1.162
325,-1.072,-1.404,-0.7974,1.208,0.2231,0.288,0.4863,-0.03653
326,-1.072,-0.1581,0.454,0.4763,0.09344,-1.237,0.4863,-0.03653
327,-0.06384,0.3098,-1.654,0.2153,0.05023,-0.4321,0.4863,-1.162
328,1.22,-0.04922,-1.917,0.957,-0.2957,0.3108,0.4863,-1.162
329,-0.4307,-0.2343,-0.4683,0.6484,-0.2957,-0.01979,0.4863,1.089
330,-1.072,1.333,0.3882,-0.851,-0.2957,2.04,0.4863,-0.03653
331,2.688,-2.002,-1.621,1.179,-0.2957,-1.565,-2.05,1.089
332,-0.4307,0.2445,-0.2705,0.8716,1.952,-0.359,-2.05,1.089
333,-0.3389,0.9844,0.02585,-1.59,-0.382,0.1921,-2.05,1.089
334,-0.3389,-0.02203,-1.753,0.8706,-0.9873,0.2515,0.4863,1.089
335,-0.889,-0.381,-0.1718,1.06,-0.728,-0.3474,0.4863,1.089
336,1.861,-0.4028,-1.456,0.811,-0.9873,-0.288,0.4863,-1.162
337,-1.072,1.49,-1.127,0.3586,0.2664,1.198,0.4863,-0.03653
338,-1.072,-0.0166,-0.3035,0.03424,-0.4685,0.3306,0.4863,-0.03653
