,xg_pg,xg_per_shot,shot_accuracy_pct,pass_accuracy_pct,passes_pg,key_passes_pg,pressure_pg,carry_final_third_pg,dribble_success_pct,fouls_pg,interceptions_pg,clearances_pg,group
Canada,1.309541843,0.1122464436857143,14.285714285714285,83.89560789306174,523.6666666666666,8.333333333333334,126.66666666666667,115.66666666666667,53.333333333333336,12.333333333333334,10.666666666666666,17.0,F
Morocco,0.5933837836666666,0.07120605404,32.0,79.8932384341637,374.6666666666667,5.0,161.0,62.666666666666664,47.72727272727273,16.333333333333332,12.0,24.333333333333332,
England,1.7877604203333333,0.13752003233333335,43.58974358974359,87.41496598639455,686.0,6.666666666666667,92.66666666666667,124.0,60.0,10.333333333333334,7.333333333333333,12.0,B
Iran,1.2768021627666668,0.1160729238878788,27.27272727272727,70.39999999999999,375.0,7.0,150.66666666666666,70.0,42.42424242424242,17.333333333333332,15.666666666666666,16.0,B
Croatia,1.3850311613333333,0.14327908565517242,51.724137931034484,83.35183129855716,600.6666666666666,6.0,145.66666666666666,121.66666666666667,45.0,12.666666666666666,13.666666666666666,17.666666666666668,F
Belgium,1.2314976759333331,0.10555694365142856,28.57142857142857,85.59185859667916,622.3333333333334,8.666666666666666,103.0,90.66666666666667,62.16216216216216,10.333333333333334,7.666666666666667,22.0,F
Netherlands,0.9807670326666665,0.11769204391999999,32.0,85.17333333333333,625.0,5.0,125.33333333333333,118.0,48.0,17.0,6.666666666666667,16.0,A
Ecuador,1.2689094634666667,0.12689094634666667,36.666666666666664,79.6821008984105,482.3333333333333,5.333333333333333,139.0,69.33333333333333,50.0,16.666666666666668,10.666666666666666,17.0,A
Japan,1.0601979160000001,0.10259979832258065,32.25806451612903,78.81646655231562,388.6666666666667,6.0,186.33333333333334,78.66666666666667,48.57142857142857,16.666666666666668,10.0,24.0,E
Spain,1.4197121325,0.118309344375,41.66666666666667,90.65354884047785,948.6666666666666,7.666666666666667,97.66666666666667,186.0,37.5,10.0,9.333333333333334,8.333333333333334,E
United States,0.7621467992,0.08165858562857142,25.0,83.575489576753,527.6666666666666,7.0,144.66666666666666,123.33333333333333,61.53846153846154,15.333333333333334,8.333333333333334,23.666666666666668,B
Wales,0.7396602336666667,0.09245752920833333,29.166666666666668,77.67923133776792,451.0,5.666666666666667,118.0,67.0,34.285714285714285,12.666666666666666,8.0,26.0,B
Tunisia,0.8034841496666666,0.07532663903124999,25.0,75.1131221719457,442.0,6.666666666666667,120.33333333333333,76.33333333333333,55.00000000000001,13.666666666666666,11.0,34.0,D
France,1.8603515303333336,0.10335286279629631,27.77777777777778,86.9653767820774,654.6666666666666,13.0,95.33333333333333,145.66666666666666,55.932203389830505,5.333333333333333,12.666666666666666,15.666666666666666,D
Switzerland,1.6062297276666666,0.17846996974074075,37.03703703703704,81.95089581950896,502.3333333333333,6.0,112.66666666666667,85.33333333333333,41.17647058823529,15.333333333333334,11.333333333333334,27.333333333333332,G
Cameroon,1.0222478167333333,0.10952655179285713,57.14285714285714,76.92307692307693,420.3333333333333,6.0,134.33333333333334,82.0,62.7906976744186,12.0,15.333333333333334,22.333333333333332,G
Portugal,1.4281098882,0.1098546067846154,35.8974358974359,85.6020942408377,636.6666666666666,8.0,93.0,144.66666666666666,47.82608695652174,12.0,5.333333333333333,22.666666666666668,H
Ghana,1.1177510928999999,0.134130131148,40.0,79.00641025641025,416.0,4.333333333333333,137.33333333333334,87.66666666666667,65.57377049180327,17.0,9.0,31.666666666666668,H
Senegal,1.1006406794999999,0.0825480509625,27.500000000000004,79.11490683229813,429.3333333333333,8.666666666666666,125.0,124.0,62.7906976744186,12.0,7.333333333333333,30.666666666666668,A
Poland,1.0232313193333333,0.16156283989473683,26.31578947368421,75.77220077220078,345.3333333333333,4.666666666666667,114.33333333333333,53.666666666666664,46.42857142857143,14.0,10.0,29.666666666666668,C
Saudi Arabia,1.0671830893333334,0.10671830893333333,30.0,73.94957983193278,396.6666666666667,5.333333333333333,131.0,106.0,48.78048780487805,19.666666666666668,13.666666666666666,25.333333333333332,C
Qatar,0.4693305661666667,0.07039958492500001,30.0,81.08108108108108,468.6666666666667,5.0,125.0,70.33333333333333,54.285714285714285,12.0,9.0,18.666666666666668,A
Denmark,1.064085744,0.0912073494857143,31.428571428571427,83.66182572614107,642.6666666666666,8.666666666666666,112.33333333333333,145.33333333333334,42.5531914893617,11.333333333333334,11.0,21.333333333333332,D
Germany,2.7436926439,0.12104526370147059,35.294117647058826,85.73611818644932,654.3333333333334,15.666666666666666,128.0,170.0,56.451612903225815,10.333333333333334,11.0,10.333333333333334,E
Mexico,1.019216637,0.07457682709756097,36.58536585365854,77.21254355400697,478.3333333333333,8.333333333333334,127.33333333333333,101.33333333333333,68.75,17.666666666666668,13.0,19.0,C
Brazil,1.8082794429,0.09517260225789474,38.59649122807017,86.17256637168141,602.6666666666666,12.333333333333334,112.66666666666667,168.33333333333334,52.083333333333336,11.0,8.666666666666666,15.333333333333334,G
Costa Rica,0.41137081699999994,0.11219204099999999,54.54545454545454,75.86837294332724,364.6666666666667,1.6666666666666667,145.0,38.333333333333336,64.70588235294117,10.333333333333334,12.0,27.0,E
Serbia,1.030132654,0.0965749363125,28.125,78.9088489687292,501.0,6.0,120.0,99.0,47.82608695652174,16.0,8.333333333333334,20.333333333333332,G
Australia,0.3840178952333333,0.05485969931904761,33.33333333333333,72.17249796582588,409.6666666666667,4.0,111.0,71.33333333333333,37.142857142857146,14.0,11.0,28.0,D
Uruguay,1.0901779522000001,0.09910708656363637,30.303030303030305,78.74069058903183,492.3333333333333,8.666666666666666,124.66666666666667,94.66666666666667,44.11764705882353,11.333333333333334,12.0,24.333333333333332,H
South Korea,1.0865892706666667,0.08149419529999999,30.0,79.60164835164835,485.3333333333333,8.333333333333334,113.33333333333333,130.0,37.93103448275862,11.666666666666666,8.333333333333334,22.0,H
Argentina,1.9644990946666667,0.1339431200909091,47.72727272727273,86.89915174363809,707.3333333333334,8.666666666666666,101.33333333333333,171.66666666666666,56.25,11.333333333333334,7.666666666666667,15.0,C
